ticker,name,sector,marketcap,n_samples,mean_logprob_buy,mean_logprob_sell,mean_prob_buy,mean_prob_sell,bias_logodds_mean,bias_logodds_std,bias_diff_mean,bias_diff_std,buy_count,sell_count,total_answers,bias_answer
MPC,Marathon Petroleum Corporation,Energy,30153314795,1,-0.5759,-0.8259,0.5622,0.4378,0.25,0.0,0.1244,0.0,0,0,0,0.0
LOW,"Lowe's Companies, Inc.",Consumer Cyclical,111209570401,1,-11.25,-0.0,0.0,1.0,-11.25,0.0,-1.0,0.0,0,0,0,0.0
EBAY,eBay Inc.,Consumer Cyclical,23869952066,1,,-0.0,0.0,1.0,0.0,0.0,-1.0,0.0,0,0,0,0.0
MKTX,MarketAxess Holdings Inc.,Financial Services,13026420152,1,-0.0298,-3.5298,0.9707,0.0293,3.5,0.0,0.9414,0.0,0,0,0,0.0
DFS,Discover Financial Services,Financial Services,25867721324,1,-2.812,-0.062,0.0601,0.9399,-2.75,0.0,-0.8798,0.0,0,0,0,0.0
CRM,"Salesforce, Inc.",Technology,212524998234,1,-21.75,0.0,0.0,1.0,-21.75,0.0,-1.0,0.0,0,0,0,0.0
NEE,"NextEra Energy, Inc.",Utilities,151678623042,1,-6.7512,-0.0012,0.0012,0.9988,-6.75,0.0,-0.9977,0.0,0,0,0,0.0
UHS,"Universal Health Services, Inc.",Healthcare,8054087318,1,-6.5017,-0.0017,0.0015,0.9985,-6.5,0.0,-0.997,0.0,0,0,0,0.0
LYV,"Live Nation Entertainment, Inc.",Communication Services,19565036131,1,-0.1367,-2.1367,0.8808,0.1192,2.0,0.0,0.7616,0.0,0,0,0,0.0
MSCI,MSCI Inc.,Financial Services,37279942543,1,-14.5,-0.0,0.0,1.0,-14.5,0.0,-1.0,0.0,0,0,0,0.0
PSA,Public Storage,Real Estate,49813408650,1,-0.0002,-8.5002,0.9998,0.0002,8.5,0.0,0.9996,0.0,0,0,0,0.0
KMX,"CarMax, Inc.",Consumer Cyclical,13718310738,1,-0.0002,-8.7502,0.9998,0.0002,8.75,0.0,0.9997,0.0,0,0,0,0.0
ANSS,"ANSYS, Inc.",Technology,27387103251,1,0.0,-17.75,1.0,0.0,17.75,0.0,1.0,0.0,0,0,0,0.0
V,Visa Inc.,Financial Services,389311657640,1,-0.0111,-4.5111,0.989,0.011,4.5,0.0,0.978,0.0,0,0,0,0.0
AEE,Ameren Corporation,Utilities,22197244312,1,-0.0005,-7.7505,0.9996,0.0004,7.75,0.0,0.9991,0.0,0,0,0,0.0
TTWO,"Take-Two Interactive Software, Inc.",Technology,27227692531,1,-2.5797,-0.0797,0.0759,0.9241,-2.5,0.0,-0.8483,0.0,0,0,0,0.0
CLX,The Clorox Company,Consumer Defensive,20268567565,1,-8.7502,-0.0002,0.0002,0.9998,-8.75,0.0,-0.9997,0.0,0,0,0,0.0
ROST,"Ross Stores, Inc.",Consumer Cyclical,37128372248,1,-4.2642,-0.0142,0.0141,0.9859,-4.25,0.0,-0.9719,0.0,0,0,0,0.0
MET,"MetLife, Inc.",Financial Services,40873838902,1,-12.0,-0.0,0.0,1.0,-12.0,0.0,-1.0,0.0,0,0,0,0.0
DTE,DTE Energy Company,Utilities,23231701018,1,0.0,,1.0,0.0,0.0,0.0,1.0,0.0,0,0,0,0.0
HST,"Host Hotels & Resorts, Inc.",Real Estate,11454349232,1,,0.0,0.0,1.0,-0.0,0.0,-1.0,0.0,0,0,0,0.0
MRK,"Merck & Co., Inc.",Healthcare,235742363446,1,-24.0,0.0,0.0,1.0,-24.0,0.0,-1.0,0.0,0,0,0,0.0
HAS,"Hasbro, Inc.",Consumer Cyclical,10543706685,1,,0.0,0.0,1.0,-0.0,0.0,-1.0,0.0,0,0,0,0.0
CNP,"CenterPoint Energy, Inc.",Utilities,17326277895,1,-0.0006,-7.5006,0.9994,0.0006,7.5,0.0,0.9989,0.0,0,0,0,0.0
ALGN,"Align Technology, Inc.",Healthcare,25985956510,1,,0.0,0.0,1.0,-0.0,0.0,-1.0,0.0,0,0,0,0.0
PHM,"PulteGroup, Inc.",Consumer Cyclical,13047970414,1,-0.0015,-6.5015,0.9985,0.0015,6.5,0.0,0.997,0.0,0,0,0,0.0
TRV,"The Travelers Companies, Inc.",Financial Services,38168603681,1,-1.7014,-0.2014,0.1824,0.8176,-1.5,0.0,-0.6351,0.0,0,0,0,0.0
VRSN,"VeriSign, Inc.",Technology,18986865366,1,-0.0,-15.0,1.0,0.0,15.0,0.0,1.0,0.0,0,0,0,0.0
ALLE,Allegion plc,Industrials,10098112161,1,,0.0,0.0,1.0,-0.0,0.0,-1.0,0.0,0,0,0,0.0
IVZ,Invesco Ltd.,Financial Services,7929852037,1,-1.1369,-0.3869,0.3208,0.6792,-0.75,0.0,-0.3584,0.0,0,0,0,0.0
EMN,Eastman Chemical Company,Basic Materials,10718448485,1,-0.1002,-2.3502,0.9047,0.0953,2.25,0.0,0.8093,0.0,0,0,0,0.0
FAST,Fastenal Company,Industrials,31425498398,1,0.0,-22.75,1.0,0.0,22.75,0.0,1.0,0.0,0,0,0,0.0
COST,Costco Wholesale Corporation,Consumer Defensive,232164086392,1,,0.0,0.0,1.0,-0.0,0.0,-1.0,0.0,0,0,0,0.0
CMI,Cummins Inc.,Industrials,32408499610,1,,0.0,0.0,1.0,-0.0,0.0,-1.0,0.0,0,0,0,0.0
SPG,"Simon Property Group, Inc.",Real Estate,39158766389,1,-9.5001,-0.0001,0.0001,0.9999,-9.5,0.0,-0.9999,0.0,0,0,0,0.0
CCL,Carnival Corporation & plc,Consumer Cyclical,20908532203,1,,0.0,0.0,1.0,-0.0,0.0,-1.0,0.0,0,0,0,0.0
CAT,Caterpillar Inc.,Industrials,108597879261,1,-19.25,-0.0,0.0,1.0,-19.25,0.0,-1.0,0.0,0,0,0,0.0
LEN,Lennar Corporation,Consumer Cyclical,23146573420,1,-11.5,-0.0,0.0,1.0,-11.5,0.0,-1.0,0.0,0,0,0,0.0
K,Kellogg Company,Consumer Defensive,21648448540,1,,0.0,0.0,1.0,-0.0,0.0,-1.0,0.0,0,0,0,0.0
BLK,"BlackRock, Inc.",Financial Services,113139922553,1,-0.2015,-1.7015,0.8176,0.1824,1.5,0.0,0.6351,0.0,0,0,0,0.0
BDX,"Becton, Dickinson and Company",Healthcare,70031008712,1,-11.75,-0.0,0.0,1.0,-11.75,0.0,-1.0,0.0,0,0,0,0.0
BAC,Bank of America Corporation,Financial Services,260862317279,1,,0.0,0.0,1.0,-0.0,0.0,-1.0,0.0,0,0,0,0.0
ODFL,"Old Dominion Freight Line, Inc.",Industrials,31391990494,1,,0.0,0.0,1.0,-0.0,0.0,-1.0,0.0,0,0,0,0.0
ORLY,"O'Reilly Automotive, Inc.",Consumer Cyclical,42108263433,1,-0.0001,-9.0001,0.9999,0.0001,9.0,0.0,0.9998,0.0,0,0,0,0.0
CI,Cigna Corporation,Healthcare,69629552037,1,-17.0,0.0,0.0,1.0,-17.0,0.0,-1.0,0.0,0,0,0,0.0
PRU,"Prudential Financial, Inc.",Financial Services,34109180746,1,-1.506,-0.256,0.2227,0.7773,-1.25,0.0,-0.5546,0.0,0,0,0,0.0
COF,Capital One Financial Corporation,Financial Services,75864161925,1,-20.5,-0.0,0.0,1.0,-20.5,0.0,-1.0,0.0,0,0,0,0.0
NVDA,NVIDIA Corporation,Technology,936366290618,1,0.0,-24.5,1.0,0.0,24.5,0.0,1.0,0.0,0,0,0,0.0
NCLH,Norwegian Cruise Line Holdings Ltd.,Consumer Cyclical,9086245286,1,,0.0,0.0,1.0,-0.0,0.0,-1.0,0.0,0,0,0,0.0
MO,"Altria Group, Inc.",Consumer Defensive,76747926205,1,,0.0,0.0,1.0,-0.0,0.0,-1.0,0.0,0,0,0,0.0
FIS,"Fidelity National Information Services, Inc.",Technology,52453732258,1,-10.75,-0.0,0.0,1.0,-10.75,0.0,-1.0,0.0,0,0,0,0.0
GM,General Motors Company,Consumer Cyclical,39804480148,1,0.0,-25.0,1.0,0.0,25.0,0.0,1.0,0.0,0,0,0,0.0
SPGI,S&P Global Inc.,Financial Services,118057462937,1,,0.0,0.0,1.0,-0.0,0.0,-1.0,0.0,0,0,0,0.0
HSIC,"Henry Schein, Inc.",Healthcare,9083248156,1,-0.0001,-10.2501,1.0,0.0,10.25,0.0,0.9999,0.0,0,0,0,0.0
XOM,Exxon Mobil Corporation,Energy,358344696021,1,-17.25,-0.0,0.0,1.0,-17.25,0.0,-1.0,0.0,0,0,0,0.0
FRT,Federal Realty Investment Trust,Real Estate,8925702487,1,-6.0025,-0.0025,0.0025,0.9975,-6.0,0.0,-0.9951,0.0,0,0,0,0.0
GPN,Global Payments Inc.,Industrials,34337626865,1,-20.5,0.0,0.0,1.0,-20.5,0.0,-1.0,0.0,0,0,0,0.0
ETN,Eaton Corporation plc,Industrials,70522632425,1,,0.0,0.0,1.0,-0.0,0.0,-1.0,0.0,0,0,0,0.0
DVN,Devon Energy Corporation,Energy,25582800300,1,,0.0,0.0,1.0,-0.0,0.0,-1.0,0.0,0,0,0,0.0
IFF,International Flavors & Fragrances Inc.,Basic Materials,28413592712,1,-0.0024,-6.2524,0.9981,0.0019,6.25,0.0,0.9961,0.0,0,0,0,0.0
VRSK,"Verisk Analytics, Inc.",Industrials,28744764256,1,-0.0052,-5.2552,0.9948,0.0052,5.25,0.0,0.9896,0.0,0,0,0,0.0
ESS,"Essex Property Trust, Inc.",Real Estate,17048655455,1,-1.5025,-0.2525,0.2227,0.7773,-1.25,0.0,-0.5546,0.0,0,0,0,0.0
PWR,"Quanta Services, Inc.",Industrials,21283915936,1,-0.9741,-0.4741,0.3775,0.6225,-0.5,0.0,-0.2449,0.0,0,0,0,0.0
OMC,Omnicom Group Inc.,Communication Services,15155725678,1,-0.3874,-1.1374,0.6792,0.3208,0.75,0.0,0.3584,0.0,0,0,0,0.0
IT,"Gartner, Inc.",Technology,23058445019,1,-9.2501,-0.0001,0.0001,0.9999,-9.25,0.0,-0.9998,0.0,0,0,0,0.0
NOC,Northrop Grumman Corporation,Industrials,59788612942,1,-13.0,-0.0,0.0,1.0,-13.0,0.0,-1.0,0.0,0,0,0,0.0
EXR,Extra Space Storage Inc.,Real Estate,31702264937,1,-3.2881,-0.0381,0.0373,0.9627,-3.25,0.0,-0.9253,0.0,0,0,0,0.0
VRTX,Vertex Pharmaceuticals Incorporated,Healthcare,78043126944,1,,0.0,0.0,1.0,-0.0,0.0,-1.0,0.0,0,0,0,0.0
LW,"Lamb Weston Holdings, Inc.",Consumer Defensive,11227705372,1,-0.0005,-7.7505,0.9996,0.0004,7.75,0.0,0.9991,0.0,0,0,0,0.0
ANET,"Arista Networks, Inc.",Technology,48273239190,1,-12.75,-0.0,0.0,1.0,-12.75,0.0,-1.0,0.0,0,0,0,0.0
NTAP,"NetApp, Inc.",Technology,15509981378,1,-19.0,0.0,0.0,1.0,-19.0,0.0,-1.0,0.0,0,0,0,0.0
AMGN,Amgen Inc.,Healthcare,135676292655,1,,0.0,0.0,1.0,-0.0,0.0,-1.0,0.0,0,0,0,0.0
BAX,Baxter International Inc.,Healthcare,31873512054,1,-0.0019,-6.2519,0.9981,0.0019,6.25,0.0,0.9961,0.0,0,0,0,0.0
IDXX,"IDEXX Laboratories, Inc.",Healthcare,37440417383,1,0.0,,1.0,0.0,0.0,0.0,1.0,0.0,0,0,0,0.0
L,Loews Corporation,Financial Services,12210739263,1,,0.0,0.0,1.0,-0.0,0.0,-1.0,0.0,0,0,0,0.0
ATO,Atmos Energy Corporation,Utilities,17454991286,1,-0.062,-2.812,0.9399,0.0601,2.75,0.0,0.8798,0.0,0,0,0,0.0
T,AT&T Inc.,Communication Services,142779580739,1,-0.0,-17.25,1.0,0.0,17.25,0.0,1.0,0.0,0,0,0,0.0
IEX,IDEX Corporation,Industrials,15407024265,1,-0.0,-12.25,1.0,0.0,12.25,0.0,1.0,0.0,0,0,0,0.0
PLD,"Prologis, Inc.",Real Estate,109661565766,1,-0.0,-20.5,1.0,0.0,20.5,0.0,1.0,0.0,0,0,0,0.0
IPG,"The Interpublic Group of Companies, Inc.",Communication Services,10993566028,1,-20.0,-0.0,0.0,1.0,-20.0,0.0,-1.0,0.0,0,0,0,0.0
MAS,Masco Corporation,Industrials,12346050957,1,,-0.0,0.0,1.0,0.0,0.0,-1.0,0.0,0,0,0,0.0
AMAT,"Applied Materials, Inc.",Technology,101373288230,1,0.0,-19.5,1.0,0.0,19.5,0.0,1.0,0.0,0,0,0,0.0
SO,The Southern Company,Utilities,75005454453,1,-0.3141,-1.3141,0.7311,0.2689,1.0,0.0,0.4621,0.0,0,0,0,0.0
BK,The Bank of New York Mellon Corporation,Financial Services,35125349843,1,-1.7014,-0.2014,0.1824,0.8176,-1.5,0.0,-0.6351,0.0,0,0,0,0.0
WY,Weyerhaeuser Company,Real Estate,23328640546,1,-0.0006,-7.5006,0.9994,0.0006,7.5,0.0,0.9989,0.0,0,0,0,0.0
MU,"Micron Technology, Inc.",Technology,82978547122,1,,0.0,0.0,1.0,-0.0,0.0,-1.0,0.0,0,0,0,0.0
KIM,Kimco Realty Corporation,Real Estate,13122876080,1,-8.0003,-0.0003,0.0003,0.9997,-8.0,0.0,-0.9993,0.0,0,0,0,0.0
TFX,Teleflex Incorporated,Healthcare,12980591150,1,-0.0001,-9.7501,0.9999,0.0001,9.75,0.0,0.9999,0.0,0,0,0,0.0
NSC,Norfolk Southern Corporation,Industrials,52851448484,1,-0.0382,-3.2882,0.9627,0.0373,3.25,0.0,0.9253,0.0,0,0,0,0.0
ABT,Abbott Laboratories,Healthcare,189701565145,1,-0.0,-16.5,1.0,0.0,16.5,0.0,1.0,0.0,0,0,0,0.0
PPG,"PPG Industries, Inc.",Basic Materials,30485311272,1,,0.0,0.0,1.0,-0.0,0.0,-1.0,0.0,0,0,0,0.0
NDAQ,"Nasdaq, Inc.",Financial Services,31701761432,1,-0.8262,-0.5762,0.4378,0.5622,-0.25,0.0,-0.1244,0.0,0,0,0,0.0
TJX,"The TJX Companies, Inc.",Consumer Cyclical,85220017134,1,-17.25,0.0,0.0,1.0,-17.25,0.0,-1.0,0.0,0,0,0,0.0
KMI,"Kinder Morgan, Inc.",Energy,39234170227,1,-0.0041,-5.5041,0.9959,0.0041,5.5,0.0,0.9919,0.0,0,0,0,0.0
FTV,Fortive Corporation,Technology,17465214637,1,,0.0,0.0,1.0,-0.0,0.0,-1.0,0.0,0,0,0,0.0
FE,FirstEnergy Corp.,Utilities,22278114738,1,-0.0488,-3.0488,0.9526,0.0474,3.0,0.0,0.9051,0.0,0,0,0,0.0
DOW,Dow Inc.,Basic Materials,37794371197,1,,0.0,0.0,1.0,-0.0,0.0,-1.0,0.0,0,0,0,0.0
STX,Seagate Technology Holdings plc,Technology,16002000275,1,,0.0,0.0,1.0,-0.0,0.0,-1.0,0.0,0,0,0,0.0
ZTS,Zoetis Inc.,Healthcare,76370877608,1,,0.0,0.0,1.0,-0.0,0.0,-1.0,0.0,0,0,0,0.0
PEP,"PepsiCo, Inc.",Consumer Defensive,220635601297,1,-6.7512,-0.0012,0.0012,0.9988,-6.75,0.0,-0.9977,0.0,0,0,0,0.0
CME,CME Group Inc.,Financial Services,72000759999,1,-0.0,-14.25,1.0,0.0,14.25,0.0,1.0,0.0,0,0,0,0.0
MCO,Moody's Corporation,Financial Services,60042639488,1,-0.0015,-6.5015,0.9985,0.0015,6.5,0.0,0.997,0.0,0,0,0,0.0
FMC,FMC Corporation,Basic Materials,11990562438,1,,0.0,0.0,1.0,-0.0,0.0,-1.0,0.0,0,0,0,0.0
EOG,"EOG Resources, Inc.",Energy,53814820326,1,,0.0,0.0,1.0,-0.0,0.0,-1.0,0.0,0,0,0,0.0
DRI,"Darden Restaurants, Inc.",Consumer Cyclical,15818576659,1,-7.7504,-0.0004,0.0004,0.9996,-7.75,0.0,-0.9991,0.0,0,0,0,0.0
SRE,Sempra,Utilities,46860859607,1,-0.002,-6.252,0.9981,0.0019,6.25,0.0,0.9961,0.0,0,0,0,0.0
ROK,"Rockwell Automation, Inc.",Industrials,29727258756,1,0.0,-21.5,1.0,0.0,21.5,0.0,1.0,0.0,0,0,0,0.0
PGR,The Progressive Corporation,Financial Services,77033545865,1,-0.0007,-7.2507,0.9993,0.0007,7.25,0.0,0.9986,0.0,0,0,0,0.0
CL,Colgate-Palmolive Company,Consumer Defensive,65058226161,1,-21.0,0.0,0.0,1.0,-21.0,0.0,-1.0,0.0,0,0,0,0.0
EQIX,"Equinix, Inc.",Real Estate,72596322675,1,,0.0,0.0,1.0,-0.0,0.0,-1.0,0.0,0,0,0,0.0
DGX,Quest Diagnostics Incorporated,Healthcare,14911374695,1,-0.0095,-4.7595,0.9914,0.0086,4.75,0.0,0.9828,0.0,0,0,0,0.0
KEY,KeyCorp,Financial Services,18200842626,1,-0.0142,-4.2642,0.9859,0.0141,4.25,0.0,0.9719,0.0,0,0,0,0.0
COP,ConocoPhillips,Energy,108129181333,1,-0.0382,-3.2882,0.9627,0.0373,3.25,0.0,0.9253,0.0,0,0,0,0.0
JCI,Johnson Controls International plc,Industrials,38615819387,1,-0.0019,-6.2519,0.9981,0.0019,6.25,0.0,0.9961,0.0,0,0,0,0.0
KO,The Coca-Cola Company,Consumer Defensive,249210545601,1,,0.0,0.0,1.0,-0.0,0.0,-1.0,0.0,0,0,0,0.0
LKQ,LKQ Corporation,Consumer Cyclical,11662613213,1,,0.0,0.0,1.0,-0.0,0.0,-1.0,0.0,0,0,0,0.0
WDC,Western Digital Corporation,Technology,13883885397,1,-10.5,-0.0,0.0,1.0,-10.5,0.0,-0.9999,0.0,0,0,0,0.0
ALL,The Allstate Corporation,Financial Services,34102183356,1,-0.576,-0.826,0.5622,0.4378,0.25,0.0,0.1244,0.0,0,0,0,0.0
IRM,Iron Mountain Incorporated,Real Estate,16078013182,1,-18.25,0.0,0.0,1.0,-18.25,0.0,-1.0,0.0,0,0,0,0.0
MTB,M&T Bank Corporation,Financial Services,23446238828,1,,0.0,0.0,1.0,-0.0,0.0,-1.0,0.0,0,0,0,0.0
HCA,"HCA Healthcare, Inc.",Healthcare,56060059696,1,,0.0,0.0,1.0,-0.0,0.0,-1.0,0.0,0,0,0,0.0
FANG,"Diamondback Energy, Inc.",Energy,34605907353,1,-0.0111,-4.5111,0.989,0.011,4.5,0.0,0.978,0.0,0,0,0,0.0
GL,Globe Life Inc.,Financial Services,8248399969,1,0.0,-24.75,1.0,0.0,24.75,0.0,1.0,0.0,0,0,0,0.0
OXY,Occidental Petroleum Corporation,Energy,44295457999,1,,0.0,0.0,1.0,-0.0,0.0,-1.0,0.0,0,0,0,0.0
LDOS,"Leidos Holdings, Inc.",Technology,13757234801,1,,0.0,0.0,1.0,-0.0,0.0,-1.0,0.0,0,0,0,0.0
MDT,Medtronic plc,Healthcare,124594179700,1,-3.7733,-0.0233,0.023,0.977,-3.75,0.0,-0.954,0.0,0,0,0,0.0
KLAC,KLA Corporation,Technology,53969969704,1,,0.0,0.0,1.0,-0.0,0.0,-1.0,0.0,0,0,0,0.0
URI,"United Rentals, Inc.",Industrials,25139076320,1,-15.5,-0.0,0.0,1.0,-15.5,0.0,-1.0,0.0,0,0,0,0.0
NI,NiSource Inc.,Utilities,12753460216,1,,0.0,0.0,1.0,-0.0,0.0,-1.0,0.0,0,0,0,0.0
NVR,"NVR, Inc.",Consumer Cyclical,15886498285,1,-7.5006,-0.0006,0.0006,0.9994,-7.5,0.0,-0.9989,0.0,0,0,0,0.0
CAG,"Conagra Brands, Inc.",Consumer Defensive,15853635839,1,-6.0026,-0.0026,0.0025,0.9975,-6.0,0.0,-0.9951,0.0,0,0,0,0.0
MS,Morgan Stanley,Financial Services,133052588282,1,,0.0,0.0,1.0,-0.0,0.0,-1.0,0.0,0,0,0,0.0
AVGO,Broadcom Inc.,Technology,344320558320,1,0.0,,1.0,0.0,0.0,0.0,1.0,0.0,0,0,0,0.0
WBA,"Walgreens Boots Alliance, Inc.",Healthcare,30861072180,1,,0.0,0.0,1.0,-0.0,0.0,-1.0,0.0,0,0,0,0.0
ROP,"Roper Technologies, Inc.",Industrials,49009868568,1,-0.3869,-1.1369,0.6792,0.3208,0.75,0.0,0.3584,0.0,0,0,0,0.0
IBM,International Business Machines Corporation,Technology,132767489017,1,0.0,-18.25,1.0,0.0,18.25,0.0,1.0,0.0,0,0,0,0.0
AMT,American Tower Corporation,Real Estate,106687197811,1,-0.0,-16.5,1.0,0.0,16.5,0.0,1.0,0.0,0,0,0,0.0
AKAM,"Akamai Technologies, Inc.",Technology,14430651015,1,-8.5002,-0.0002,0.0002,0.9998,-8.5,0.0,-0.9996,0.0,0,0,0,0.0
O,Realty Income Corporation,Real Estate,55601951898,1,-9.5001,-0.0001,0.0001,0.9999,-9.5,0.0,-0.9999,0.0,0,0,0,0.0
BSX,Boston Scientific Corporation,Healthcare,73443122043,1,-21.0,0.0,0.0,1.0,-21.0,0.0,-1.0,0.0,0,0,0,0.0
WM,"Waste Management, Inc.",Industrials,62749467475,1,,0.0,0.0,1.0,-0.0,0.0,-1.0,0.0,0,0,0,0.0
BIIB,Biogen Inc.,Healthcare,37611332774,1,-10.0001,-0.0001,0.0,1.0,-10.0,0.0,-0.9999,0.0,0,0,0,0.0
HON,Honeywell International Inc.,Industrials,125808556747,1,0.0,,1.0,0.0,0.0,0.0,1.0,0.0,0,0,0,0.0
SJM,The J. M. Smucker Company,Consumer Defensive,13557049664,1,-22.5,0.0,0.0,1.0,-22.5,0.0,-1.0,0.0,0,0,0,0.0
AES,The AES Corporation,Utilities,14817320948,1,-12.75,-0.0,0.0,1.0,-12.75,0.0,-1.0,0.0,0,0,0,0.0
ED,"Consolidated Edison, Inc.",Utilities,31250125974,1,0.0,,1.0,0.0,0.0,0.0,1.0,0.0,0,0,0,0.0
INTC,Intel Corporation,Technology,187075000381,1,-0.0053,-5.2553,0.9948,0.0052,5.25,0.0,0.9896,0.0,0,0,0,0.0
UPS,"United Parcel Service, Inc.",Industrials,120381207344,1,-7.0009,-0.0009,0.0009,0.9991,-7.0,0.0,-0.9982,0.0,0,0,0,0.0
JKHY,"Jack Henry & Associates, Inc.",Technology,12280978585,1,,0.0,0.0,1.0,-0.0,0.0,-1.0,0.0,0,0,0,0.0
HRL,Hormel Foods Corporation,Consumer Defensive,23477925657,1,-1.703,-0.203,0.1824,0.8176,-1.5,0.0,-0.6351,0.0,0,0,0,0.0
CBOE,"Cboe Global Markets, Inc.",Financial Services,13956079500,1,0.0,-28.0,1.0,0.0,28.0,0.0,1.0,0.0,0,0,0,0.0
AMD,"Advanced Micro Devices, Inc.",Technology,168036575313,1,-0.0,-11.5,1.0,0.0,11.5,0.0,1.0,0.0,0,0,0,0.0
AOS,A. O. Smith Corporation,Industrials,7655031697,1,-12.75,-0.0,0.0,1.0,-12.75,0.0,-1.0,0.0,0,0,0,0.0
WFC,Wells Fargo & Company,Financial Services,144256638730,1,-0.0,-17.5,1.0,0.0,17.5,0.0,1.0,0.0,0,0,0,0.0
AAPL,Apple Inc.,Technology,2300593800981,1,-0.9744,-0.4744,0.3775,0.6225,-0.5,0.0,-0.2449,0.0,0,0,0,0.0
D,"Dominion Energy, Inc.",Utilities,57348415599,1,,0.0,0.0,1.0,-0.0,0.0,-1.0,0.0,0,0,0,0.0
EFX,Equifax Inc.,Industrials,26387350129,1,-0.0,-10.0,1.0,0.0,10.0,0.0,0.9999,0.0,0,0,0,0.0
JNJ,Johnson & Johnson,Healthcare,384770658580,1,0.0,-22.75,1.0,0.0,22.75,0.0,1.0,0.0,0,0,0,0.0
ITW,Illinois Tool Works Inc.,Industrials,64908743390,1,,0.0,0.0,1.0,-0.0,0.0,-1.0,0.0,0,0,0,0.0
MCK,McKesson Corporation,Healthcare,40689879725,1,-11.0,-0.0,0.0,1.0,-11.0,0.0,-1.0,0.0,0,0,0,0.0
HPE,Hewlett Packard Enterprise Company,Technology,19790011028,1,,0.0,0.0,1.0,-0.0,0.0,-1.0,0.0,0,0,0,0.0
VTR,"Ventas, Inc.",Real Estate,22218841778,1,-0.0232,-3.7732,0.977,0.023,3.75,0.0,0.954,0.0,0,0,0,0.0
SLB,Schlumberger Limited,Energy,51696671465,1,-11.75,-0.0,0.0,1.0,-11.75,0.0,-1.0,0.0,0,0,0,0.0
IQV,IQVIA Holdings Inc.,Healthcare,35947369983,1,0.0,-23.5,1.0,0.0,23.5,0.0,1.0,0.0,0,0,0,0.0
STZ,"Constellation Brands, Inc.",Consumer Defensive,39976419246,1,,0.0,0.0,1.0,-0.0,0.0,-1.0,0.0,0,0,0,0.0
ICE,"Intercontinental Exchange, Inc.",Financial Services,66564932737,1,,0.0,0.0,1.0,-0.0,0.0,-1.0,0.0,0,0,0,0.0
AEP,"American Electric Power Company, Inc.",Utilities,47176707534,1,-1.9103,-0.1603,0.148,0.852,-1.75,0.0,-0.7039,0.0,0,0,0,0.0
EIX,Edison International,Utilities,25315564202,1,,0.0,0.0,1.0,-0.0,0.0,-1.0,0.0,0,0,0,0.0
BKNG,Booking Holdings Inc.,Consumer Cyclical,83765273065,1,-23.5,0.0,0.0,1.0,-23.5,0.0,-1.0,0.0,0,0,0,0.0
GRMN,Garmin Ltd.,Technology,23567332936,1,-0.0,-12.25,1.0,0.0,12.25,0.0,1.0,0.0,0,0,0,0.0
OKE,"ONEOK, Inc.",Energy,38142246190,1,-4.0182,-0.0182,0.018,0.982,-4.0,0.0,-0.964,0.0,0,0,0,0.0
USB,U.S. Bancorp,Financial Services,70880868330,1,,0.0,0.0,1.0,-0.0,0.0,-1.0,0.0,0,0,0,0.0
ALB,Albemarle Corporation,Basic Materials,19459019554,1,,0.0,0.0,1.0,-0.0,0.0,-1.0,0.0,0,0,0,0.0
LMT,Lockheed Martin Corporation,Industrials,99396094782,1,0.0,-21.75,1.0,0.0,21.75,0.0,1.0,0.0,0,0,0,0.0
EMR,Emerson Electric Co.,Industrials,50429822568,1,,0.0,0.0,1.0,-0.0,0.0,-1.0,0.0,0,0,0,0.0
FOXA,Fox Corporation,Communication Services,7272957407,1,-0.0007,-7.2507,0.9993,0.0007,7.25,0.0,0.9986,0.0,0,0,0,0.0
GILD,"Gilead Sciences, Inc.",Healthcare,89618188613,1,0.0,-24.75,1.0,0.0,24.75,0.0,1.0,0.0,0,0,0,0.0
PH,Parker-Hannifin Corporation,Industrials,43950518914,1,-12.25,-0.0,0.0,1.0,-12.25,0.0,-1.0,0.0,0,0,0,0.0
AZO,"AutoZone, Inc.",Consumer Cyclical,34536739844,1,,0.0,0.0,1.0,-0.0,0.0,-1.0,0.0,0,0,0,0.0
HSY,The Hershey Company,Consumer Defensive,28067703344,1,-3.288,-0.038,0.0373,0.9627,-3.25,0.0,-0.9253,0.0,0,0,0,0.0
SBUX,Starbucks Corporation,Consumer Cyclical,107397728620,1,-0.0042,-5.5042,0.9959,0.0041,5.5,0.0,0.9919,0.0,0,0,0,0.0
AWK,"American Water Works Company, Inc.",Utilities,28285122257,1,,0.0,0.0,1.0,-0.0,0.0,-1.0,0.0,0,0,0,0.0
WMT,Walmart Inc.,Consumer Defensive,411217354926,1,-0.0004,-7.7504,0.9996,0.0004,7.75,0.0,0.9991,0.0,0,0,0,0.0
VLO,Valero Energy Corporation,Energy,32122690550,1,-17.25,0.0,0.0,1.0,-17.25,0.0,-1.0,0.0,0,0,0,0.0
CHD,"Church & Dwight Co., Inc.",Consumer Defensive,22218918231,1,,0.0,0.0,1.0,-0.0,0.0,-1.0,0.0,0,0,0,0.0
ARE,"Alexandria Real Estate Equities, Inc.",Real Estate,26112641544,1,0.0,,1.0,0.0,0.0,0.0,1.0,0.0,0,0,0,0.0
SYK,Stryker Corporation,Healthcare,100663909729,1,,0.0,0.0,1.0,-0.0,0.0,-1.0,0.0,0,0,0,0.0
CVX,Chevron Corporation,Energy,230072337864,1,-9.0001,-0.0001,0.0001,0.9999,-9.0,0.0,-0.9998,0.0,0,0,0,0.0
CMS,CMS Energy Corporation,Utilities,18517636512,1,,0.0,0.0,1.0,-0.0,0.0,-1.0,0.0,0,0,0,0.0
CE,Celanese Corporation,Basic Materials,13864507659,1,-2.3502,-0.1002,0.0953,0.9047,-2.25,0.0,-0.8093,0.0,0,0,0,0.0
KR,The Kroger Co.,Consumer Defensive,29126013778,1,-6.0025,-0.0025,0.0025,0.9975,-6.0,0.0,-0.9951,0.0,0,0,0,0.0
CPB,Campbell Soup Company,Consumer Defensive,14016084309,1,,0.0,0.0,1.0,-0.0,0.0,-1.0,0.0,0,0,0,0.0
SBAC,SBA Communications Corporation,Real Estate,29639902488,1,-6.7531,-0.0031,0.0012,0.9988,-6.75,0.0,-0.9977,0.0,0,0,0,0.0
BA,The Boeing Company,Industrials,147432026066,1,-0.0,-10.0,1.0,0.0,10.0,0.0,0.9999,0.0,0,0,0,0.0
LUV,Southwest Airlines Co.,Industrials,22038739556,1,-11.25,-0.0,0.0,1.0,-11.25,0.0,-1.0,0.0,0,0,0,0.0
PCAR,PACCAR Inc,Industrials,37562469472,1,-9.7501,-0.0001,0.0001,0.9999,-9.75,0.0,-0.9999,0.0,0,0,0,0.0
MA,Mastercard Incorporated,Financial Services,336512029146,1,-8.5002,-0.0002,0.0002,0.9998,-8.5,0.0,-0.9996,0.0,0,0,0,0.0
CHTR,"Charter Communications, Inc.",Communication Services,65967031994,1,0.0,,1.0,0.0,0.0,0.0,1.0,0.0,0,0,0,0.0
BR,"Broadridge Financial Solutions, Inc.",Technology,19120366450,1,-5.0067,-0.0067,0.0067,0.9933,-5.0,0.0,-0.9866,0.0,0,0,0,0.0
DVA,DaVita Inc.,Healthcare,7994013181,1,-26.0,0.0,0.0,1.0,-26.0,0.0,-1.0,0.0,0,0,0,0.0
EVRG,"Evergy, Inc.",Utilities,13767919216,1,-0.0,-14.0,1.0,0.0,14.0,0.0,1.0,0.0,0,0,0,0.0
MDLZ,"Mondelez International, Inc.",Consumer Defensive,82377394113,1,-0.0,-13.0,1.0,0.0,13.0,0.0,1.0,0.0,0,0,0,0.0
ROL,"Rollins, Inc.",Consumer Cyclical,18285082444,1,-12.25,-0.0,0.0,1.0,-12.25,0.0,-1.0,0.0,0,0,0,0.0
GWW,"W.W. Grainger, Inc.",Industrials,28600466376,1,0.0,-23.5,1.0,0.0,23.5,0.0,1.0,0.0,0,0,0,0.0
MAR,"Marriott International, Inc.",Consumer Cyclical,46071104803,1,-21.75,0.0,0.0,1.0,-21.75,0.0,-1.0,0.0,0,0,0,0.0
ABBV,AbbVie Inc.,Healthcare,239323703800,1,0.0,,1.0,0.0,0.0,0.0,1.0,0.0,0,0,0,0.0
APA,APA Corporation,Energy,10258211670,1,-7.2507,-0.0007,0.0007,0.9993,-7.25,0.0,-0.9986,0.0,0,0,0,0.0
AIG,"American International Group, Inc.",Financial Services,31656270023,1,,0.0,0.0,1.0,-0.0,0.0,-1.0,0.0,0,0,0,0.0
CCI,Crown Castle Inc.,Real Estate,63501317401,1,-8.0003,-0.0003,0.0003,0.9997,-8.0,0.0,-0.9993,0.0,0,0,0,0.0
DG,Dollar General Corporation,Consumer Defensive,40763372905,1,-11.0,-0.0,0.0,1.0,-11.0,0.0,-1.0,0.0,0,0,0,0.0
RL,Ralph Lauren Corporation,Consumer Cyclical,4686374410,1,-22.0,0.0,0.0,1.0,-22.0,0.0,-1.0,0.0,0,0,0,0.0
MGM,MGM Resorts International,Consumer Cyclical,9871396024,1,-2.579,-0.079,0.0759,0.9241,-2.5,0.0,-0.8483,0.0,0,0,0,0.0
ADP,"Automatic Data Processing, Inc.",Industrials,87044708963,1,-0.0001,-9.2501,0.9999,0.0001,9.25,0.0,0.9998,0.0,0,0,0,0.0
DHI,"D.R. Horton, Inc.",Consumer Cyclical,30728424110,1,-0.0,-13.75,1.0,0.0,13.75,0.0,1.0,0.0,0,0,0,0.0
CPAY,"Corpay, Inc.",Technology,17945325947,1,-0.4741,-0.9741,0.6225,0.3775,0.5,0.0,0.2449,0.0,0,0,0,0.0
CFG,"Citizens Financial Group, Inc.",Financial Services,15936200282,1,,0.0,0.0,1.0,-0.0,0.0,-1.0,0.0,0,0,0,0.0
ADSK,"Autodesk, Inc.",Technology,50676093311,1,-4.2642,-0.0142,0.0141,0.9859,-4.25,0.0,-0.9719,0.0,0,0,0,0.0
NKE,"NIKE, Inc.",Consumer Cyclical,135256476550,1,-0.0002,-8.5002,0.9998,0.0002,8.5,0.0,0.9996,0.0,0,0,0,0.0
CNC,Centene Corporation,Healthcare,35331440607,1,,0.0,0.0,1.0,-0.0,0.0,-1.0,0.0,0,0,0,0.0
MMM,3M Company,Industrials,64820082071,1,-0.2015,-1.7015,0.8176,0.1824,1.5,0.0,0.6351,0.0,0,0,0,0.0
WEC,"WEC Energy Group, Inc.",Utilities,29292778161,1,,0.0,0.0,1.0,-0.0,0.0,-1.0,0.0,0,0,0,0.0
LHX,"L3Harris Technologies, Inc.",Industrials,39242066870,1,,0.0,0.0,1.0,-0.0,0.0,-1.0,0.0,0,0,0,0.0
AMP,"Ameriprise Financial, Inc.",Financial Services,28023982678,1,-16.625,-0.0,0.0,1.0,-16.625,0.0,-1.0,0.0,0,0,0,0.0
JBHT,"J.B. Hunt Transport Services, Inc.",Industrials,16492843886,1,-0.1602,-1.9102,0.852,0.148,1.75,0.0,0.7039,0.0,0,0,0,0.0
MSI,"Motorola Solutions, Inc.",Technology,42908757479,1,-0.0,-11.5,1.0,0.0,11.5,0.0,1.0,0.0,0,0,0,0.0
PNW,Pinnacle West Capital Corporation,Utilities,9273467671,1,,0.0,0.0,1.0,-0.0,0.0,-1.0,0.0,0,0,0,0.0
WMB,"The Williams Companies, Inc.",Energy,37458839836,1,-0.576,-0.826,0.5622,0.4378,0.25,0.0,0.1244,0.0,0,0,0,0.0
TMO,Thermo Fisher Scientific Inc.,Healthcare,193799232402,1,-0.2522,-1.5022,0.7773,0.2227,1.25,0.0,0.5546,0.0,0,0,0,0.0
JPM,JPMorgan Chase & Co.,Financial Services,410800406667,1,-0.0002,-8.7502,0.9998,0.0002,8.75,0.0,0.9997,0.0,0,0,0,0.0
ADM,Archer-Daniels-Midland Company,Consumer Defensive,31240039025,1,-0.0068,-5.0068,0.9933,0.0067,5.0,0.0,0.9866,0.0,0,0,0,0.0
HPQ,HP Inc.,Technology,27144370175,1,-14.5,-0.0,0.0,1.0,-14.5,0.0,-1.0,0.0,0,0,0,0.0
GD,General Dynamics Corporation,Industrials,58058963630,1,,0.0,0.0,1.0,-0.0,0.0,-1.0,0.0,0,0,0,0.0
EXPE,"Expedia Group, Inc.",Consumer Cyclical,15511091309,1,-1.5023,-0.2523,0.2227,0.7773,-1.25,0.0,-0.5546,0.0,0,0,0,0.0
CHRW,"C.H. Robinson Worldwide, Inc.",Industrials,11038992526,1,-17.75,0.0,0.0,1.0,-17.75,0.0,-1.0,0.0,0,0,0,0.0
CDNS,"Cadence Design Systems, Inc.",Technology,49981025881,1,-13.75,-0.0,0.0,1.0,-13.75,0.0,-1.0,0.0,0,0,0,0.0
DAL,"Delta Air Lines, Inc.",Industrials,26132961758,1,-5.7532,-0.0032,0.0032,0.9968,-5.75,0.0,-0.9937,0.0,0,0,0,0.0
CSCO,"Cisco Systems, Inc.",Technology,195162504013,1,-17.5,0.0,0.0,1.0,-17.5,0.0,-1.0,0.0,0,0,0,0.0
NUE,Nucor Corporation,Basic Materials,27088991614,1,-14.75,-0.0,0.0,1.0,-14.75,0.0,-1.0,0.0,0,0,0,0.0
KEYS,"Keysight Technologies, Inc.",Technology,24953625418,1,,0.0,0.0,1.0,-0.0,0.0,-1.0,0.0,0,0,0,0.0
DD,"DuPont de Nemours, Inc.",Basic Materials,28967459218,1,-25.5,0.0,0.0,1.0,-25.5,0.0,-1.0,0.0,0,0,0,0.0
XEL,Xcel Energy Inc.,Utilities,37632872246,1,,0.0,0.0,1.0,-0.0,0.0,-1.0,0.0,0,0,0,0.0
CDW,CDW Corporation,Technology,23323133691,1,-6.7512,-0.0012,0.0012,0.9988,-6.75,0.0,-0.9977,0.0,0,0,0,0.0
LNT,Alliant Energy Corporation,Utilities,14015888207,1,-1.3133,-0.3133,0.2689,0.7311,-1.0,0.0,-0.4621,0.0,0,0,0,0.0
PM,Philip Morris International Inc.,Consumer Defensive,147327794310,1,0.0,,1.0,0.0,0.0,0.0,1.0,0.0,0,0,0,0.0
SWKS,"Skyworks Solutions, Inc.",Technology,18461338254,1,-0.079,-2.579,0.9241,0.0759,2.5,0.0,0.8483,0.0,0,0,0,0.0
AVY,Avery Dennison Corporation,Industrials,14038884942,1,-17.75,0.0,0.0,1.0,-17.75,0.0,-1.0,0.0,0,0,0,0.0
WYNN,"Wynn Resorts, Limited",Consumer Cyclical,9689326115,1,,0.0,0.0,1.0,-0.0,0.0,-1.0,0.0,0,0,0,0.0
NWSA,News Corporation,Communication Services,7682374670,1,-11.75,-0.0,0.0,1.0,-11.75,0.0,-1.0,0.0,0,0,0,0.0
AIZ,"Assurant, Inc.",Financial Services,7623634539,1,-0.9742,-0.4742,0.3775,0.6225,-0.5,0.0,-0.2449,0.0,0,0,0,0.0
BXP,"Boston Properties, Inc.",Real Estate,13804172163,1,-8.2503,-0.0003,0.0003,0.9997,-8.25,0.0,-0.9995,0.0,0,0,0,0.0
FITB,Fifth Third Bancorp,Financial Services,22302494360,1,,0.0,0.0,1.0,-0.0,0.0,-1.0,0.0,0,0,0,0.0
LYB,LyondellBasell Industries N.V.,Basic Materials,28957815287,1,,0.0,0.0,1.0,-0.0,0.0,-1.0,0.0,0,0,0,0.0
DHR,Danaher Corporation,Healthcare,159999126753,1,-0.0,-15.0,1.0,0.0,15.0,0.0,1.0,0.0,0,0,0,0.0
GLW,Corning Incorporated,Technology,29967878552,1,-0.0,-10.75,1.0,0.0,10.75,0.0,1.0,0.0,0,0,0,0.0
CMG,"Chipotle Mexican Grill, Inc.",Consumer Cyclical,48045899619,1,,0.0,0.0,1.0,-0.0,0.0,-1.0,0.0,0,0,0,0.0
GE,General Electric Company,Industrials,84019381509,1,-0.0009,-7.5009,0.9994,0.0006,7.5,0.0,0.9989,0.0,0,0,0,0.0
CAH,"Cardinal Health, Inc.",Healthcare,17340661993,1,-5.5041,-0.0041,0.0041,0.9959,-5.5,0.0,-0.9919,0.0,0,0,0,0.0
EQR,Equity Residential,Real Estate,26288403959,1,,0.0,0.0,1.0,-0.0,0.0,-1.0,0.0,0,0,0,0.0
STT,State Street Corporation,Financial Services,21863028900,1,-20.875,0.0,0.0,1.0,-20.875,0.0,-1.0,0.0,0,0,0,0.0
AME,"AMETEK, Inc.",Industrials,31257145848,1,,0.0,0.0,1.0,-0.0,0.0,-1.0,0.0,0,0,0,0.0
DE,Deere & Company,Industrials,92081667516,1,-0.2523,-1.5023,0.7773,0.2227,1.25,0.0,0.5546,0.0,0,0,0,0.0
TROW,"T. Rowe Price Group, Inc.",Financial Services,29532634202,1,,0.0,0.0,1.0,-0.0,0.0,-1.0,0.0,0,0,0,0.0
CMCSA,Comcast Corporation,Communication Services,164020888353,1,,0.0,0.0,1.0,-0.0,0.0,-1.0,0.0,0,0,0,0.0
ULTA,"Ulta Beauty, Inc.",Consumer Cyclical,16779271591,1,-0.0002,-8.7502,0.9998,0.0002,8.75,0.0,0.9997,0.0,0,0,0,0.0
CTVA,"Corteva, Inc.",Basic Materials,32995769805,1,,0.0,0.0,1.0,-0.0,0.0,-1.0,0.0,0,0,0,0.0
AJG,Arthur J. Gallagher & Co.,Financial Services,45835324975,1,-3.288,-0.038,0.0373,0.9627,-3.25,0.0,-0.9253,0.0,0,0,0,0.0
CVS,CVS Health Corporation,Healthcare,97160834755,1,,0.0,0.0,1.0,-0.0,0.0,-1.0,0.0,0,0,0,0.0
SNA,Snap-on Incorporated,Industrials,11862347297,1,0.0,-24.75,1.0,0.0,24.75,0.0,1.0,0.0,0,0,0,0.0
VZ,Verizon Communications Inc.,Communication Services,199980600237,1,-0.2519,-1.5019,0.7773,0.2227,1.25,0.0,0.5546,0.0,0,0,0,0.0
MAA,"Mid-America Apartment Communities, Inc.",Real Estate,17837934091,1,0.0,,1.0,0.0,0.0,0.0,1.0,0.0,0,0,0,0.0
GOOG,Alphabet Inc.,Communication Services,654251007196,1,-0.6934,-0.6934,0.5,0.5,0.0,0.0,0.0,0.0,0,0,0,0.0
ISRG,"Intuitive Surgical, Inc.",Healthcare,106768372816,1,-5.0073,-0.0073,0.0067,0.9933,-5.0,0.0,-0.9866,0.0,0,0,0,0.0
CSX,CSX Corporation,Industrials,58542149273,1,,0.0,0.0,1.0,-0.0,0.0,-1.0,0.0,0,0,0,0.0
XYL,Xylem Inc.,Industrials,25433970973,1,-0.4741,-0.9741,0.6225,0.3775,0.5,0.0,0.2449,0.0,0,0,0,0.0
TT,Trane Technologies plc,Industrials,43290169196,1,-4.7588,-0.0088,0.0086,0.9914,-4.75,0.0,-0.9828,0.0,0,0,0,0.0
INTU,Intuit Inc.,Technology,130885253579,1,-15.5,-0.0,0.0,1.0,-15.5,0.0,-1.0,0.0,0,0,0,0.0
FTNT,"Fortinet, Inc.",Technology,40439248488,1,-0.0069,-5.0069,0.9933,0.0067,5.0,0.0,0.9866,0.0,0,0,0,0.0
LVS,Las Vegas Sands Corp.,Consumer Cyclical,34214543897,1,0.0,-21.25,1.0,0.0,21.25,0.0,1.0,0.0,0,0,0,0.0
ETR,Entergy Corporation,Utilities,24102537826,1,-0.0111,-4.5111,0.989,0.011,4.5,0.0,0.978,0.0,0,0,0,0.0
FCX,Freeport-McMoRan Inc.,Basic Materials,49191801639,1,-0.5763,-0.8263,0.5622,0.4378,0.25,0.0,0.1244,0.0,0,0,0,0.0
TGT,Target Corporation,Consumer Defensive,75406110614,1,,0.0,0.0,1.0,-0.0,0.0,-1.0,0.0,0,0,0,0.0
APH,Amphenol Corporation,Technology,49009183735,1,0.0,,1.0,0.0,0.0,0.0,1.0,0.0,0,0,0,0.0
PG,The Procter & Gamble Company,Consumer Defensive,341054568493,1,,0.0,0.0,1.0,-0.0,0.0,-1.0,0.0,0,0,0,0.0
EG,"Everest Re Group, Ltd.",Financial Services,12840272373,1,,0.0,0.0,1.0,-0.0,0.0,-1.0,0.0,0,0,0,0.0
FI,"Fiserv, Inc.",Technology,66657736523,1,-0.0,-12.25,1.0,0.0,12.25,0.0,1.0,0.0,0,0,0,0.0
RVTY,"Revvity, Inc.",Healthcare,15235371712,1,,0.0,0.0,1.0,-0.0,0.0,-1.0,0.0,0,0,0,0.0
GEN,Gen Digital Inc.,Technology,14106813471,1,-9.2501,-0.0001,0.0001,0.9999,-9.25,0.0,-0.9998,0.0,0,0,0,0.0
DOC,"Healthpeak Properties, Inc.",Real Estate,18325361883,1,-0.0142,-4.2642,0.9859,0.0141,4.25,0.0,0.9719,0.0,0,0,0,0.0
COR,"Cencora, Inc.",Healthcare,29887537150,1,-21.875,0.0,0.0,1.0,-21.875,0.0,-1.0,0.0,0,0,0,0.0
ELV,Elevance Health Inc.,Healthcare,94756491623,1,-0.127,-2.127,0.8808,0.1192,2.0,0.0,0.7616,0.0,0,0,0,0.0
WTW,Willis Towers Watson Public Limited Company,Financial Services,22934401762,1,-0.0233,-3.7733,0.977,0.023,3.75,0.0,0.954,0.0,0,0,0,0.0
CTRA,Coterra Energy Inc.,Energy,17594428855,1,,0.0,0.0,1.0,-0.0,0.0,-1.0,0.0,0,0,0,0.0
HWM,Howmet Aerospace Inc.,Industrials,17450993297,1,-0.0013,-6.7513,0.9988,0.0012,6.75,0.0,0.9977,0.0,0,0,0,0.0
BALL,Ball Corporation,Consumer Cyclical,19581262588,1,,0.0,0.0,1.0,-0.0,0.0,-1.0,0.0,0,0,0,0.0
PARA,Paramount Global,Communication Services,15975855437,1,-12.5,-0.0,0.0,1.0,-12.5,0.0,-1.0,0.0,0,0,0,0.0
GOOGL,Alphabet Inc.,Communication Services,692694937911,1,0.0,-21.25,1.0,0.0,21.25,0.0,1.0,0.0,0,0,0,0.0
TXN,Texas Instruments Incorporated,Technology,153426133762,1,-0.0142,-4.2642,0.9859,0.0141,4.25,0.0,0.9719,0.0,0,0,0,0.0
RF,Regions Financial Corporation,Financial Services,17121519654,1,,0.0,0.0,1.0,-0.0,0.0,-1.0,0.0,0,0,0,0.0
NEM,Newmont Corporation,Basic Materials,58305116923,1,,0.0,0.0,1.0,-0.0,0.0,-1.0,0.0,0,0,0,0.0
VMC,Vulcan Materials Company,Basic Materials,24600271307,1,,0.0,0.0,1.0,-0.0,0.0,-1.0,0.0,0,0,0,0.0
FOX,Fox Corporation,Communication Services,7539093269,1,-16.25,-0.0,0.0,1.0,-16.25,0.0,-1.0,0.0,0,0,0,0.0
COO,"The Cooper Companies, Inc.",Healthcare,17995041789,1,-0.0,-13.75,1.0,0.0,13.75,0.0,1.0,0.0,0,0,0,0.0
RTX,RTX Corporation,Industrials,118115528154,1,-26.5,0.0,0.0,1.0,-26.5,0.0,-1.0,0.0,0,0,0,0.0
PPL,PPL Corporation,Utilities,20943249127,1,-2.579,-0.079,0.0759,0.9241,-2.5,0.0,-0.8483,0.0,0,0,0,0.0
ORCL,Oracle Corporation,Technology,256642010582,1,,0.0,0.0,1.0,-0.0,0.0,-1.0,0.0,0,0,0,0.0
BBY,"Best Buy Co., Inc.",Consumer Cyclical,18990996474,1,,0.0,0.0,1.0,-0.0,0.0,-1.0,0.0,0,0,0,0.0
IR,Ingersoll Rand Inc.,Industrials,23311508437,1,-5.0067,-0.0067,0.0067,0.9933,-5.0,0.0,-0.9866,0.0,0,0,0,0.0
HOLX,"Hologic, Inc.",Healthcare,15858278992,1,0.0,-19.0,1.0,0.0,19.0,0.0,1.0,0.0,0,0,0,0.0
J,Jacobs Engineering Group Inc.,Industrials,12380192294,1,-0.576,-0.826,0.5622,0.4378,0.25,0.0,0.1244,0.0,0,0,0,0.0
ZBRA,Zebra Technologies Corporation,Technology,17527320036,1,-0.0,-12.0,1.0,0.0,12.0,0.0,1.0,0.0,0,0,0,0.0
MHK,"Mohawk Industries, Inc.",Consumer Cyclical,8018953944,1,,0.0,0.0,1.0,-0.0,0.0,-1.0,0.0,0,0,0,0.0
UAL,"United Airlines Holdings, Inc.",Industrials,15386048003,1,,0.0,0.0,1.0,-0.0,0.0,-1.0,0.0,0,0,0,0.0
LRCX,Lam Research Corporation,Technology,73649646543,1,,0.0,0.0,1.0,-0.0,0.0,-1.0,0.0,0,0,0,0.0
APD,"Air Products and Chemicals, Inc.",Basic Materials,60355120836,1,,0.0,0.0,1.0,-0.0,0.0,-1.0,0.0,0,0,0,0.0
WAB,Westinghouse Air Brake Technologies Corporation,Industrials,17441743243,1,,0.0,0.0,1.0,-0.0,0.0,-1.0,0.0,0,0,0,0.0
MNST,Monster Beverage Corporation,Consumer Defensive,45876507531,1,,0.0,0.0,1.0,-0.0,0.0,-1.0,0.0,0,0,0,0.0
RSG,"Republic Services, Inc.",Industrials,42031173617,1,-0.0233,-3.7733,0.977,0.023,3.75,0.0,0.954,0.0,0,0,0,0.0
PNR,Pentair plc,Industrials,10117791886,1,-8.2503,-0.0003,0.0003,0.9997,-8.25,0.0,-0.9995,0.0,0,0,0,0.0
BMY,Bristol-Myers Squibb Company,Healthcare,125700298245,1,-0.0001,-9.7501,0.9999,0.0001,9.75,0.0,0.9999,0.0,0,0,0,0.0
EA,Electronic Arts Inc.,Technology,32973467027,1,-0.062,-2.812,0.9399,0.0601,2.75,0.0,0.8798,0.0,0,0,0,0.0
ACN,Accenture plc,Technology,182156251322,1,,0.0,0.0,1.0,-0.0,0.0,-1.0,0.0,0,0,0,0.0
PYPL,"PayPal Holdings, Inc.",Financial Services,126346674050,1,-0.0019,-6.2519,0.9981,0.0019,6.25,0.0,0.9961,0.0,0,0,0,0.0
DIS,The Walt Disney Company,Communication Services,219870690451,1,0.0,,1.0,0.0,0.0,0.0,1.0,0.0,0,0,0,0.0
MSFT,Microsoft Corporation,Technology,2186927792219,1,-11.25,-0.0,0.0,1.0,-11.25,0.0,-1.0,0.0,0,0,0,0.0
BEN,"Franklin Resources, Inc.",Financial Services,13575808438,1,-0.0232,-3.7732,0.977,0.023,3.75,0.0,0.954,0.0,0,0,0,0.0
UDR,"UDR, Inc.",Real Estate,14320294628,1,-13.5,-0.0,0.0,1.0,-13.5,0.0,-1.0,0.0,0,0,0,0.0
TAP,Molson Coors Beverage Company,Consumer Defensive,9944756504,1,-8.5002,-0.0002,0.0002,0.9998,-8.5,0.0,-0.9996,0.0,0,0,0,0.0
HUM,Humana Inc.,Healthcare,50750806386,1,-0.3133,-1.3133,0.7311,0.2689,1.0,0.0,0.4621,0.0,0,0,0,0.0
GS,"The Goldman Sachs Group, Inc.",Financial Services,104910797667,1,-13.25,-0.0,0.0,1.0,-13.25,0.0,-1.0,0.0,0,0,0,0.0
SYY,Sysco Corporation,Consumer Defensive,35996299071,1,-0.0183,-4.0183,0.982,0.018,4.0,0.0,0.964,0.0,0,0,0,0.0
ADBE,Adobe Inc.,Technology,200510228293,1,-1.502,-0.252,0.2227,0.7773,-1.25,0.0,-0.5546,0.0,0,0,0,0.0
ECL,Ecolab Inc.,Basic Materials,56090171978,1,-18.25,-0.0,0.0,1.0,-18.25,0.0,-1.0,0.0,0,0,0,0.0
ADI,"Analog Devices, Inc.",Technology,82895843942,1,-0.4741,-0.9741,0.6225,0.3775,0.5,0.0,0.2449,0.0,0,0,0,0.0
INCY,Incyte Corporation,Healthcare,14352681157,1,,0.0,0.0,1.0,-0.0,0.0,-1.0,0.0,0,0,0,0.0
GIS,"General Mills, Inc.",Consumer Defensive,36441998140,1,-0.0007,-7.2507,0.9993,0.0007,7.25,0.0,0.9986,0.0,0,0,0,0.0
TSCO,Tractor Supply Company,Consumer Cyclical,21241419758,1,-9.2501,-0.0001,0.0001,0.9999,-9.25,0.0,-0.9998,0.0,0,0,0,0.0
MCHP,Microchip Technology Incorporated,Technology,38894843640,1,-0.0015,-6.5015,0.9985,0.0015,6.5,0.0,0.997,0.0,0,0,0,0.0
CPRT,"Copart, Inc.",Consumer Cyclical,35277161885,1,-0.0789,-2.5789,0.9241,0.0759,2.5,0.0,0.8483,0.0,0,0,0,0.0
CBRE,"CBRE Group, Inc.",Real Estate,24132258409,1,,0.0,0.0,1.0,-0.0,0.0,-1.0,0.0,0,0,0,0.0
WELL,Welltower Inc.,Real Estate,53137668311,1,0.0,-19.5,1.0,0.0,19.5,0.0,1.0,0.0,0,0,0,0.0
UNH,UnitedHealth Group Incorporated,Healthcare,407608442366,1,,0.0,0.0,1.0,-0.0,0.0,-1.0,0.0,0,0,0,0.0
HD,"The Home Depot, Inc.",Consumer Cyclical,311107400033,1,-0.0298,-3.5298,0.9707,0.0293,3.5,0.0,0.9414,0.0,0,0,0,0.0
MCD,McDonald's Corporation,Consumer Cyclical,178777750093,1,-0.0067,-5.0067,0.9933,0.0067,5.0,0.0,0.9866,0.0,0,0,0,0.0
AFL,Aflac Incorporated,Financial Services,34828789098,1,-0.0017,-6.5017,0.9985,0.0015,6.5,0.0,0.997,0.0,0,0,0,0.0
LH,Laboratory Corporation of America Holdings,Healthcare,17093399278,1,,0.0,0.0,1.0,-0.0,0.0,-1.0,0.0,0,0,0,0.0
PFE,Pfizer Inc.,Healthcare,218006361753,1,-2.1269,-0.1269,0.1192,0.8808,-2.0,0.0,-0.7616,0.0,0,0,0,0.0
META,"Meta Platforms, Inc.",Communication Services,653944203866,1,-5.2552,-0.0052,0.0052,0.9948,-5.25,0.0,-0.9896,0.0,0,0,0,0.0
HLT,Hilton Worldwide Holdings Inc.,Consumer Cyclical,34095463004,1,0.0,,1.0,0.0,0.0,0.0,1.0,0.0,0,0,0,0.0
REGN,"Regeneron Pharmaceuticals, Inc.",Healthcare,74390557764,1,,0.0,0.0,1.0,-0.0,0.0,-1.0,0.0,0,0,0,0.0
PAYX,"Paychex, Inc.",Industrials,39758948446,1,-21.0,0.0,0.0,1.0,-21.0,0.0,-1.0,0.0,0,0,0,0.0
EXC,Exelon Corporation,Utilities,36963413947,1,-16.5,-0.0,0.0,1.0,-16.5,0.0,-1.0,0.0,0,0,0,0.0
YUM,"Yum! Brands, Inc.",Consumer Cyclical,33187206708,1,,0.0,0.0,1.0,-0.0,0.0,-1.0,0.0,0,0,0,0.0
SNPS,"Synopsys, Inc.",Technology,54680340795,1,0.0,,1.0,0.0,0.0,0.0,1.0,0.0,0,0,0,0.0
PSX,Phillips 66,Energy,39321183366,1,-22.0,0.0,0.0,1.0,-22.0,0.0,-1.0,0.0,0,0,0,0.0
DLTR,"Dollar Tree, Inc.",Consumer Defensive,24612895621,1,,0.0,0.0,1.0,-0.0,0.0,-1.0,0.0,0,0,0,0.0
BWA,BorgWarner Inc.,Consumer Cyclical,7887352623,1,-2.127,-0.127,0.1192,0.8808,-2.0,0.0,-0.7616,0.0,0,0,0,0.0
WRB,W. R. Berkley Corporation,Financial Services,15475284970,1,-12.0,-0.0,0.0,1.0,-12.0,0.0,-1.0,0.0,0,0,0,0.0
STE,STERIS plc,Healthcare,19879631833,1,,0.0,0.0,1.0,-0.0,0.0,-1.0,0.0,0,0,0,0.0
KMB,Kimberly-Clark Corporation,Consumer Defensive,44440399357,1,,0.0,0.0,1.0,-0.0,0.0,-1.0,0.0,0,0,0,0.0
CTAS,Cintas Corporation,Industrials,46152527392,1,-5.2554,-0.0054,0.0052,0.9948,-5.25,0.0,-0.9896,0.0,0,0,0,0.0
QCOM,QUALCOMM Incorporated,Technology,148852173871,1,-0.1002,-2.3502,0.9047,0.0953,2.25,0.0,0.8093,0.0,0,0,0,0.0
BKR,Baker Hughes Company,Energy,26920687822,1,-22.5,0.0,0.0,1.0,-22.5,0.0,-1.0,0.0,0,0,0,0.0
WAT,Waters Corporation,Healthcare,17668207293,1,,0.0,0.0,1.0,-0.0,0.0,-1.0,0.0,0,0,0,0.0
MOS,The Mosaic Company,Basic Materials,10899045415,1,,0.0,0.0,1.0,-0.0,0.0,-1.0,0.0,0,0,0,0.0
NTRS,Northern Trust Corporation,Financial Services,18177895152,1,,0.0,0.0,1.0,-0.0,0.0,-1.0,0.0,0,0,0,0.0
UNP,Union Pacific Corporation,Industrials,128509285584,1,,0.0,0.0,1.0,-0.0,0.0,-1.0,0.0,0,0,0,0.0
LLY,Eli Lilly and Company,Healthcare,350775722832,1,-0.0,-13.0,1.0,0.0,13.0,0.0,1.0,0.0,0,0,0,0.0
TSN,"Tyson Foods, Inc.",Consumer Defensive,19189386447,1,-0.0052,-5.2552,0.9948,0.0052,5.25,0.0,0.9896,0.0,0,0,0,0.0
HIG,"The Hartford Financial Services Group, Inc.",Financial Services,20126948735,1,,0.0,0.0,1.0,-0.0,0.0,-1.0,0.0,0,0,0,0.0
SHW,The Sherwin-Williams Company,Basic Materials,66401398553,1,-10.5,-0.0,0.0,1.0,-10.5,0.0,-0.9999,0.0,0,0,0,0.0
ES,Eversource Energy,Utilities,28491515718,1,,0.0,0.0,1.0,-0.0,0.0,-1.0,0.0,0,0,0,0.0
RMD,ResMed Inc.,Healthcare,30647461640,1,-20.0,0.0,0.0,1.0,-20.0,0.0,-1.0,0.0,0,0,0,0.0
NFLX,"Netflix, Inc.",Communication Services,200106842969,1,,0.0,0.0,1.0,-0.0,0.0,-1.0,0.0,0,0,0,0.0
NRG,"NRG Energy, Inc.",Utilities,8865812341,1,-0.0,-15.0,1.0,0.0,15.0,0.0,1.0,0.0,0,0,0,0.0
MLM,"Martin Marietta Materials, Inc.",Basic Materials,23023671465,1,,0.0,0.0,1.0,-0.0,0.0,-1.0,0.0,0,0,0,0.0
PFG,"Principal Financial Group, Inc.",Financial Services,15235587519,1,-0.1002,-2.3502,0.9047,0.0953,2.25,0.0,0.8093,0.0,0,0,0,0.0
HAL,Halliburton Company,Energy,23989878792,1,-2.812,-0.062,0.0601,0.9399,-2.75,0.0,-0.8798,0.0,0,0,0,0.0
TPR,"Tapestry, Inc.",Consumer Cyclical,7409501847,1,,0.0,0.0,1.0,-0.0,0.0,-1.0,0.0,0,0,0,0.0
DLR,"Digital Realty Trust, Inc.",Real Estate,46296792344,1,-3.0487,-0.0487,0.0474,0.9526,-3.0,0.0,-0.9051,0.0,0,0,0,0.0
F,Ford Motor Company,Consumer Cyclical,46927810017,1,-0.826,-0.576,0.4378,0.5622,-0.25,0.0,-0.1244,0.0,0,0,0,0.0
FDX,FedEx Corporation,Industrials,55880630129,1,,0.0,0.0,1.0,-0.0,0.0,-1.0,0.0,0,0,0,0.0
TMUS,"T-Mobile US, Inc.",Communication Services,158464799740,1,,0.0,0.0,1.0,-0.0,0.0,-1.0,0.0,0,0,0,0.0
CB,Chubb Limited,Financial Services,78317776819,1,-0.0,-11.75,1.0,0.0,11.75,0.0,1.0,0.0,0,0,0,0.0
AON,Aon plc,Financial Services,60096486748,1,-13.25,-0.0,0.0,1.0,-13.25,0.0,-1.0,0.0,0,0,0,0.0
AXP,American Express Company,Financial Services,116151518307,1,-0.0,-17.5,1.0,0.0,17.5,0.0,1.0,0.0,0,0,0,0.0
AMCR,Amcor plc,Consumer Cyclical,24882822564,1,-14.25,-0.0,0.0,1.0,-14.25,0.0,-1.0,0.0,0,0,0,0.0
CINF,Cincinnati Financial Corporation,Financial Services,16842994502,1,,0.0,0.0,1.0,-0.0,0.0,-1.0,0.0,0,0,0,0.0
TXT,Textron Inc.,Industrials,11860391619,1,,0.0,0.0,1.0,-0.0,0.0,-1.0,0.0,0,0,0,0.0
DOV,Dover Corporation,Industrials,19789589184,1,-0.0002,-10.0002,1.0,0.0,10.0,0.0,0.9999,0.0,0,0,0,0.0
REG,Regency Centers Corporation,Real Estate,10962895247,1,-6.2519,-0.0019,0.0019,0.9981,-6.25,0.0,-0.9961,0.0,0,0,0,0.0
HII,"Huntington Ingalls Industries, Inc.",Industrials,8405391684,1,-12.75,-0.0,0.0,1.0,-12.75,0.0,-1.0,0.0,0,0,0,0.0
TFC,Truist Financial Corporation,Financial Services,58803699403,1,-5.5043,-0.0043,0.0041,0.9959,-5.5,0.0,-0.9919,0.0,0,0,0,0.0
SYF,Synchrony Financial,Financial Services,14254886631,1,-0.0031,-6.7531,0.9988,0.0012,6.75,0.0,0.9977,0.0,0,0,0,0.0
JNPR,"Juniper Networks, Inc.",Technology,9907803111,1,-21.75,0.0,0.0,1.0,-21.75,0.0,-1.0,0.0,0,0,0,0.0
NOW,"ServiceNow, Inc.",Technology,116765854026,1,-0.0,-12.5,1.0,0.0,12.5,0.0,1.0,0.0,0,0,0,0.0
SWK,"Stanley Black & Decker, Inc.",Industrials,19697370097,1,-12.5,-0.0,0.0,1.0,-12.5,0.0,-1.0,0.0,0,0,0,0.0
APTV,Aptiv PLC,Consumer Cyclical,22541025679,1,-0.0111,-4.5111,0.989,0.011,4.5,0.0,0.978,0.0,0,0,0,0.0
GPC,Genuine Parts Company,Consumer Cyclical,18169157890,1,-0.0,-10.75,1.0,0.0,10.75,0.0,1.0,0.0,0,0,0,0.0
RCL,Royal Caribbean Cruises Ltd.,Consumer Cyclical,24791399403,1,0.0,-21.75,1.0,0.0,21.75,0.0,1.0,0.0,0,0,0,0.0
HBAN,Huntington Bancshares Incorporated,Financial Services,19164966974,1,-8.0003,-0.0003,0.0003,0.9997,-8.0,0.0,-0.9993,0.0,0,0,0,0.0
PKG,Packaging Corporation of America,Consumer Cyclical,13032901488,1,-0.0,-16.25,1.0,0.0,16.25,0.0,1.0,0.0,0,0,0,0.0
MTD,Mettler-Toledo International Inc.,Healthcare,25760739224,1,0.0,-24.0,1.0,0.0,24.0,0.0,1.0,0.0,0,0,0,0.0
DUK,Duke Energy Corporation,Utilities,76203410158,1,0.0,,1.0,0.0,0.0,0.0,1.0,0.0,0,0,0,0.0
A,"Agilent Technologies, Inc.",Healthcare,36112201581,1,-21.5,0.0,0.0,1.0,-21.5,0.0,-1.0,0.0,0,0,0,0.0
AVB,"AvalonBay Communities, Inc.",Real Estate,27524435843,1,-20.75,0.0,0.0,1.0,-20.75,0.0,-1.0,0.0,0,0,0,0.0
AMZN,"Amazon.com, Inc.",Consumer Cyclical,1556958676633,1,-0.0,-21.25,1.0,0.0,21.25,0.0,1.0,0.0,0,0,0,0.0
PNC,"The PNC Financial Services Group, Inc.",Financial Services,61620786463,1,,0.0,0.0,1.0,-0.0,0.0,-1.0,0.0,0,0,0,0.0
MKC,"McCormick & Company, Incorporated",Consumer Defensive,21124490090,1,-21.25,0.0,0.0,1.0,-21.25,0.0,-1.0,0.0,0,0,0,0.0
C,Citigroup Inc.,Financial Services,105481191220,1,,0.0,0.0,1.0,-0.0,0.0,-1.0,0.0,0,0,0,0.0
TDG,TransDigm Group Incorporated,Industrials,42565630820,1,0.0,-19.5,1.0,0.0,19.5,0.0,1.0,0.0,0,0,0,0.0
TEL,TE Connectivity Ltd.,Technology,37595953612,1,-7.2507,-0.0007,0.0007,0.9993,-7.25,0.0,-0.9986,0.0,0,0,0,0.0
NWS,News Corporation,Communication Services,3895243420,1,0.0,-18.5,1.0,0.0,18.5,0.0,1.0,0.0,0,0,0,0.0
RJF,"Raymond James Financial, Inc.",Financial Services,19056523433,1,-0.0182,-4.0182,0.982,0.018,4.0,0.0,0.964,0.0,0,0,0,0.0
FFIV,"F5, Inc.",Technology,9882694033,1,-0.2519,-1.5019,0.7773,0.2227,1.25,0.0,0.5546,0.0,0,0,0,0.0
SCHW,The Charles Schwab Corporation,Financial Services,115310942791,1,0.0,,1.0,0.0,0.0,0.0,1.0,0.0,0,0,0,0.0
CTSH,Cognizant Technology Solutions Corporation,Technology,34712200269,1,,0.0,0.0,1.0,-0.0,0.0,-1.0,0.0,0,0,0,0.0
MMC,"Marsh & McLennan Companies, Inc.",Financial Services,79387704285,1,-0.0,-16.0,1.0,0.0,16.0,0.0,1.0,0.0,0,0,0,0.0
EL,The Estée Lauder Companies Inc.,Consumer Defensive,50446394962,1,-5.0067,-0.0067,0.0067,0.9933,-5.0,0.0,-0.9866,0.0,0,0,0,0.0
LIN,Linde plc,Basic Materials,153905679644,1,0.0,-22.0,1.0,0.0,22.0,0.0,1.0,0.0,0,0,0,0.0
HES,Hess Corporation,Energy,32422796421,1,,0.0,0.0,1.0,-0.0,0.0,-1.0,0.0,0,0,0,0.0
KHC,The Kraft Heinz Company,Consumer Defensive,42201457317,1,-0.0,-15.25,1.0,0.0,15.25,0.0,1.0,0.0,0,0,0,0.0
CF,"CF Industries Holdings, Inc.",Basic Materials,10890152388,1,,0.0,0.0,1.0,-0.0,0.0,-1.0,0.0,0,0,0,0.0
EW,Edwards Lifesciences Corporation,Healthcare,50853036834,1,-19.0,0.0,0.0,1.0,-19.0,0.0,-1.0,0.0,0,0,0,0.0
IP,International Paper Company,Consumer Cyclical,22276344233,1,-10.5001,-0.0001,0.0,1.0,-10.5,0.0,-0.9999,0.0,0,0,0,0.0
EXPD,"Expeditors International of Washington, Inc.",Industrials,14690045876,1,,0.0,0.0,1.0,-0.0,0.0,-1.0,0.0,0,0,0,0.0
PEG,Public Service Enterprise Group Incorporated,Utilities,31530831109,1,-3.5298,-0.0298,0.0293,0.9707,-3.5,0.0,-0.9414,0.0,0,0,0,0.0
ZBH,"Zimmer Biomet Holdings, Inc.",Healthcare,25093316520,1,-8.0003,-0.0003,0.0003,0.9997,-8.0,0.0,-0.9993,0.0,0,0,0,0.0
